Workbook

Sheet 總覽
A1: 售價與成本總覽(台幣)
A2: 資料來源:原始大總表1016.xlsx。成本單價請到各分類分頁的黃色格子填寫,匯率與租借價格在「設定」。
A4: 分類 | B4: 團數 | C4: 人數 | D4: 計入收入 版一 | E4: 計入收入 版二 | F4: 總成本 | G4: 結果 版一 | H4: 結果 版二 | I4: 每人結果 版一 | J4: 每人結果 版二
A5: 野澤含機票 | B5: 15 | C5: ='野澤含機票'!B2 | D5: ='野澤含機票'!B19 | E5: ='野澤含機票'!C19 | F5: ='野澤含機票'!B21 | G5: ='野澤含機票'!B23 | H5: ='野澤含機票'!C23 | I5: =IF(C5=0,0,G5/C5) | J5: =IF(C5=0,0,H5/C5)
A6: 野澤不含機票 | B6: 69 | C6: ='野澤不含機票'!B2 | D6: ='野澤不含機票'!B18 | E6: ='野澤不含機票'!C18 | F6: ='野澤不含機票'!B20 | G6: ='野澤不含機票'!B22 | H6: ='野澤不含機票'!C22 | I6: =IF(C6=0,0,G6/C6) | J6: =IF(C6=0,0,H6/C6)
A7: 斑尾含機票 | B7: 14 | C7: ='斑尾含機票'!B2 | D7: ='斑尾含機票'!B19 | E7: ='斑尾含機票'!C19 | F7: ='斑尾含機票'!B21 | G7: ='斑尾含機票'!B23 | H7: ='斑尾含機票'!C23 | I7: =IF(C7=0,0,G7/C7) | J7: =IF(C7=0,0,H7/C7)
A8: 斑尾不含機票 | B8: 61 | C8: ='斑尾不含機票'!B2 | D8: ='斑尾不含機票'!B18 | E8: ='斑尾不含機票'!C18 | F8: ='斑尾不含機票'!B20 | G8: ='斑尾不含機票'!B22 | H8: ='斑尾不含機票'!C22 | I8: =IF(C8=0,0,G8/C8) | J8: =IF(C8=0,0,H8/C8)
A9: 龍平含機票 | B9: 23 | C9: ='龍平含機票'!B2 | D9: ='龍平含機票'!B18 | E9: ='龍平含機票'!C18 | F9: ='龍平含機票'!B20 | G9: ='龍平含機票'!B22 | H9: ='龍平含機票'!C22 | I9: =IF(C9=0,0,G9/C9) | J9: =IF(C9=0,0,H9/C9)
A10: 龍平不含機票 | B10: 72 | C10: ='龍平不含機票'!B2 | D10: ='龍平不含機票'!B17 | E10: ='龍平不含機票'!C17 | F10: ='龍平不含機票'!B19 | G10: ='龍平不含機票'!B21 | H10: ='龍平不含機票'!C21 | I10: =IF(C10=0,0,G10/C10) | J10: =IF(C10=0,0,H10/C10)
A11: 純課程 | B11: 144 | C11: ='純課程'!B7 | D11: ='純課程'!C7-'純課程'!D7 | E11: ='純課程'!C7 | F11: 0 | G11: ='純課程'!E7 | H11: ='純課程'!F7 | I11: =IF(C11=0,0,G11/C11) | J11: =IF(C11=0,0,H11/C11)
A12: 合計 | B12: =SUM(B5:B11) | C12: =SUM(C5:C11) | D12: =SUM(D5:D11) | E12: =SUM(E5:E11) | F12: =SUM(F5:F11) | G12: =SUM(G5:G11) | H12: =SUM(H5:H11) | I12: =IF(C12=0,0,G12/C12) | J12: =IF(C12=0,0,H12/C12)
A14: 例外(不計算)共 42 列、4 團,見「例外」分頁。純課程租借天數找不到 OP備註的有 30 人(以1日計)。

Sheet 設定
A1: 設定(黃色格子可修改)
A2: 匯率 日幣→台幣 | B2: 0.21
A3: 刷卡手續費係數 | B3: 0.9815
A4: 稅率 | B4: 0.05
A5: 匯率 韓幣→台幣 | B5: 0.024
A6: 租借 手套 | B6: 400
A7: 租借 雪衣雪褲 | B7: 1000
A8: 租借 護臀 | B8: 200
A9: 租借 護膝 | B9: 200
A11: 租借單價(台幣):手套 每人一次;雪衣雪褲、護臀、護膝 每人每日。全套兩天=400+2×(1000+200+200)=3,200。
A12: 團客租借天數 = 雪票天數;純課程租借天數 = OP備註「共N日」,找不到時以1日計。
A14: 成本單價(野澤、斑尾為日幣;龍平為韓幣)— 填一次,含機票/不含機票的分頁都會引用
A15: 區域 | B15: 項目 | C15: 單價(日幣/龍平為韓幣)
A16: 野澤 | B16: 野澤住宿(1泊)
A17: 野澤 | B17: 東京住宿(1泊)
A18: 野澤 | B18: 交通 機場>雪場
A19: 野澤 | B19: 交通 雪場>市區
A20: 野澤 | B20: 雪票(1日)
A21: 野澤 | B21: 雪靴(1日)
A22: 野澤 | B22: 下山巴士
A23: 野澤 | B23: 機票
A24: 野澤 | B24: 保險
A26: 斑尾 | B26: 斑尾住宿(1泊)
A27: 斑尾 | B27: 東京住宿(1泊)
A28: 斑尾 | B28: 交通 機場>雪場
... A43: 龍平 | B43: 保險

Sheet 野澤含機票
A1: 野澤含機票(團號 含A)
A2: 人數 | B2: =SUM(C33:C47)
A4: 項目 | B4: 單價(日幣,在設定分頁填) | C4: 數量 | D4: 日幣總價 | E4: 台幣總價 | F4: 每人數量 | G4: 每人台幣 | H4: 數量算法
A5: 野澤住宿(1泊) | B5: =設定!$C$16 | C5: =SUM(F33:F47) | D5: =B5*C5 | E5: =D5*設定!$B$2 | F5: =IF($B$2=0,0,C5/$B$2) | G5: =IF($B$2=0,0,E5/$B$2) | H5: 標準3泊 + 續滑天數(保留市區住宿者不加)
A6: 東京住宿(1泊) | B6: =設定!$C$17 | C6: =SUM(G33:G47) | D6: =B6*C6 | E6: =D6*設定!$B$2 | F6: =IF($B$2=0,0,C6/$B$2) | G6: =IF($B$2=0,0,E6/$B$2) | H6: 標準1泊 + 市區續住;取消者標準為0
A7: 交通 機場>雪場 | B7: =設定!$C$18 | C7: =SUM(H33:H47) | D7: =B7*C7 | E7: =D7*設定!$B$2 | F7: =IF($B$2=0,0,C7/$B$2) | G7: =IF($B$2=0,0,E7/$B$2) | H7: 每人1
A8: 交通 雪場>市區 | B8: =設定!$C$19 | C8: =SUM(I33:I47) | D8: =B8*C8 | E8: =D8*設定!$B$2 | F8: =IF($B$2=0,0,C8/$B$2) | G8: =IF($B$2=0,0,E8/$B$2) | H8: 每人1
A9: 雪票(1日) | B9: =設定!$C$20 | C9: =SUM(J33:J47) | D9: =B9*C9 | E9: =D9*設定!$B$2 | F9: =IF($B$2=0,0,C9/$B$2) | G9: =IF($B$2=0,0,E9/$B$2) | H9: 標準2日 + 續滑天數
A10: 雪靴(1日) | B10: =設定!$C$21 | C10: =SUM(K33:K47) | D10: =B10*C10 | E10: =D10*設定!$B$2 | F10: =IF($B$2=0,0,C10/$B$2) | G10: =IF($B$2=0,0,E10/$B$2) | H10: 標準2日 + 續滑天數
A11: 下山巴士 | B11: =設定!$C$22 | C11: =SUM(L33:L47) | D11: =B11*C11 | E11: =D11*設定!$B$2 | F11: =IF($B$2=0,0,C11/$B$2) | G11: =IF($B$2=0,0,E11/$B$2) | H11: 每人1
A12: 機票 | B12: =設定!$C$23 | C12: =SUM(M33:M47) | D12: =B12*C12 | E12: =D12*設定!$B$2 | F12: =IF($B$2=0,0,C12/$B$2) | G12: =IF($B$2=0,0,E12/$B$2) | H12: 每人1
A13: 保險 | B13: =設定!$C$24 | C13: =SUM(N33:N47) | D13: =B13*C13 | E13: =D13*設定!$B$2 | F13: =IF($B$2=0,0,C13/$B$2) | G13: =IF($B$2=0,0,E13/$B$2) | H13: 每人1
A14: 總成本 | D14: =SUM(D5:D13) | E14: =SUM(E5:E13) | G14: =SUM(G5:G13)
A16: 結果(台幣) | B16: 版本一(不計租借收入) | C16: 版本二(含租借收入)
A17: 總收入(原始團費) | B17: =SUM(D33:D47) | C17: =SUM(D33:D47)
A18: 租借收入(依租借欄位估算) | B18: =SUM(E33:E47) | C18: =SUM(E33:E47)
A19: 計入收入 | B19: =B17-B18 | C19: =C17
A20: 刷卡後收入(×係數) | B20: =B19*設定!$B$3 | C20: =C19*設定!$B$3
A21: 總成本 | B21: =$E$14 | C21: =$E$14
A22: 稅 (計入收入−總成本)×稅率 | B22: =(B19-B21)*設定!$B$4 | C22: =(C19-C21)*設定!$B$4
A23: 最後結果 | B23: =B20-B21-B22 | C23: =C20-C21-C22
A24: 每人 計入收入 | B24: =IF($B$2=0,0,B19/$B$2) | C24: =IF($B$2=0,0,C19/$B$2)
A25: 每人 總成本 | B25: =IF($B$2=0,0,B21/$B$2) | C25: =IF($B$2=0,0,C21/$B$2)
A26: 每人 結果 | B26: =IF($B$2=0,0,B23/$B$2) | C26: =IF($B$2=0,0,C23/$B$2)
A31: 團別明細(數量來自原始資料;成本用上方單價計算)
A32: 團號 | B32: 出發日 | C32: 人數 | D32: 總收入 | E32: 租借收入(估) | F32: 野澤住宿(1泊) | G32: 東京住宿(1泊) | H32: 交通 機場>雪場 | I32: 交通 雪場>市區 | J32: 雪票(1日) | K32: 雪靴(1日) | L32: 下山巴士 | M32: 機票 | N32: 保險 | O32: 日幣成本 | P32: 台幣成本 | Q32: 版本一結果 | R32: 版本二結果 | S32: 每人 版本一 | T32: 每人 版本二
A33: S4-J-NTA261218A | B33: 2026/12/18 | C33: 4 | D33: 283706 | E33: 12800 | F33: 12 | G33: 4 | H33: 4 | I33: 4 | J33: 8 | K33: 8 | L33: 4 | M33: 4 | N33: 4 | O33: =F33*$B$5+G33*$B$6+H33*$B$7+I33*$B$8+J33*$B$9+K33*$B$10+L33*$B$11+M33*$B$12+N33*$B$13 | P33: =O33*設定!$B$2 | Q33: =(D33-E33)*設定!$B$3-P33-((D33-E33)-P33)*設定!$B$4 | R33: =D33*設定!$B$3-P33-(D33-P33)*設定!$B$4 | S33: =Q33/C33 | T33: =R33/C33
A34: S4-J-NTA261219A | B34: 2026/12/19 | C34: 3 | D34: 209500 | E34: 8800 | F34: 9 | G34: 3 | H34: 3 | I34: 3 | J34: 6 | K34: 6 | L34: 3 | M34: 3 | N34: 3 | O34: =F34*$B$5+G34*$B$6+H34*$B$7+I34*$B$8+J34*$B$9+K34*$B$10+L34*$B$11+M34*$B$12+N34*$B$13 | P34: =O34*設定!$B$2 | Q34: =(D34-E34)*設定!$B$3-P34-((D34-E34)-P34)*設定!$B$4 | R34: =D34*設定!$B$3-P34-(D34-P34)*設定!$B$4 | S34: =Q34/C34 | T34: =R34/C34
A35: S4-J-NTA270106A | B35: 2027/01/06 | C35: 4 | D35: 280400 | E35: 12800 | F35: 12 | G35: 4 | H35: 4 | I35: 4 | J35: 8 | K35: 8 | L35: 4 | M35: 4 | N35: 4 | O35: =F35*$B$5+G35*$B$6+H35*$B$7+I35*$B$8+J35*$B$9+K35*$B$10+L35*$B$11+M35*$B$12+N35*$B$13 | P35: =O35*設定!$B$2 | Q35: =(D35-E35)*設定!$B$3-P35-((D35-E35)-P35)*設定!$B$4 | R35: =D35*設定!$B$3-P35-(D35-P35)*設定!$B$4 | S35: =Q35/C35 | T35: =R35/C35
A36: S4-J-NTA270111A | B36: 2027/01/11 | C36: 4 | D36: 283225 | E36: 12800 | F36: 12 | G36: 4 | H36: 4 | I36: 4 | J36: 8 | K36: 8 | L36: 4 | M36: 4 | N36: 4 | O36: =F36*$B$5+G36*$B$6+H36*$B$7+I36*$B$8+J36*$B$9+K36*$B$10+L36*$B$11+M36*$B$12+N36*$B$13 | P36: =O36*設定!$B$2 | Q36: =(D36-E36)*設定!$B$3-P36-((D36-E36)-P36)*設定!$B$4 | R36: =D36*設定!$B$3-P36-(D36-P36)*設定!$B$4 | S36: =Q36/C36 | T36: =R36/C36
A37: S4-J-NTA270116A | B37: 2027/01/16 | C37: 2 | D37: 142200 | E37: 6400 | F37: 6 | G37: 2 | H37: 2 | I37: 2 | J37: 4 | K37: 4 | L37: 2 | M37: 2 | N37: 2 | O37: =F37*$B$5+G37*$B$6+H37*$B$7+I37*$B$8+J37*$B$9+K37*$B$10+L37*$B$11+M37*$B$12+N37*$B$13 | P37: =O37*設定!$B$2 | Q37: =(D37-E37)*設定!$B$3-P37-((D37-E37)-P37)*設定!$B$4 | R37: =D37*設定!$B$3-P37-(D37-P37)*設定!$B$4 | S37: =Q37/C37 | T37: =R37/C37
A38: S4-J-NTA270119A | B38: 2027/01/19 | C38: 6 | D38: 417400 | E38: 16000 | F38: 18 | G38: 6 | H38: 6 | I38: 6 | J38: 12 | K38: 12 | L38: 6 | M38: 6 | N38: 6 | O38: =F38*$B$5+G38*$B$6+H38*$B$7+I38*$B$8+J38*$B$9+K38*$B$10+L38*$B$11+M38*$B$12+N38*$B$13 | P38: =O38*設定!$B$2 | Q38: =(D38-E38)*設定!$B$3-P38-((D38-E38)-P38)*設定!$B$4 | R38: =D38*設定!$B$3-P38-(D38-P38)*設定!$B$4 | S38: =Q38/C38 | T38: =R38/C38
A39: S4-J-NTA270212A | B39: 2027/02/12 | C39: 4 | D39: 267600 | E39: 0 | F39: 12 | G39: 4 | H39: 4 | I39: 4 | J39: 8 | K39: 8 | L39: 4 | M39: 4 | N39: 4 | O39: =F39*$B$5+G39*$B$6+H39*$B$7+I39*$B$8+J39*$B$9+K39*$B$10+L39*$B$11+M39*$B$12+N39*$B$13 | P39: =O39*設定!$B$2 | Q39: =(D39-E39)*設定!$B$3-P39-((D39-E39)-P39)*設定!$B$4 | R39: =D39*設定!$B$3-P39-(D39-P39)*設定!$B$4 | S39: =Q39/C39 | T39: =R39/C39
A40: S4-J-NTA270213A | B40: 2027/02/13 | C40: 10 | D40: 693800 | E40: 12800 | F40: 30 | G40: 10 | H40: 10 | I40: 10 | J40: 20 | K40: 20 | L40: 10 | M40: 10 | N40: 10 | O40: =F40*$B$5+G40*$B$6+H40*$B$7+I40*$B$8+J40*$B$9+K40*$B$10+L40*$B$11+M40*$B$12+N40*$B$13 | P40: =O40*設定!$B$2 | Q40: =(D40-E40)*設定!$B$3-P40-((D40-E40)-P40)*設定!$B$4 | R40: =D40*設定!$B$3-P40-(D40-P40)*設定!$B$4 | S40: =Q40/C40 | T40: =R40/C40
A41: S4-J-NTA270215A | B41: 2027/02/15 | C41: 11 | D41: 767100 | E41: 17200 | F41: 33 | G41: 11 | H41: 11 | I41: 11 | J41: 22 | K41: 22 | L41: 11 | M41: 11 | N41: 11 | O41: =F41*$B$5+G41*$B$6+H41*$B$7+I41*$B$8+J41*$B$9+K41*$B$10+L41*$B$11+M41*$B$12+N41*$B$13 | P41: =O41*設定!$B$2 | Q41: =(D41-E41)*設定!$B$3-P41-((D41-E41)-P41)*設定!$B$4 | R41: =D41*設定!$B$3-P41-(D41-P41)*設定!$B$4 | S41: =Q41/C41 | T41: =R41/C41
A42: S4-J-NTA270217A | B42: 2027/02/17 | C42: 4 | D42: 267600 | E42: 0 | F42: 12 | G42: 4 | H42: 4 | I42: 4 | J42: 8 | K42: 8 | L42: 4 | M42: 4 | N42: 4 | O42: =F42*$B$5+G42*$B$6+H42*$B$7+I42*$B$8+J42*$B$9+K42*$B$10+L42*$B$11+M42*$B$12+N42*$B$13 | P42: =O42*設定!$B$2 | Q42: =(D42-E42)*設定!$B$3-P42-((D42-E42)-P42)*設定!$B$4 | R42: =D42*設定!$B$3-P42-(D42-P42)*設定!$B$4 | S42: =Q42/C42 | T42: =R42/C42
A43: S4-J-NTA270220A | B43: 2027/02/20 | C43: 1 | D43: 68900 | E43: 0 | F43: 3 | G43: 1 | H43: 1 | I43: 1 | J43: 2 | K43: 2 | L43: 1 | M43: 1 | N43: 1 | O43: =F43*$B$5+G43*$B$6+H43*$B$7+I43*$B$8+J43*$B$9+K43*$B$10+L43*$B$11+M43*$B$12+N43*$B$13 | P43: =O43*設定!$B$2 | Q43: =(D43-E43)*設定!$B$3-P43-((D43-E43)-P43)*設定!$B$4 | R43: =D43*設定!$B$3-P43-(D43-P43)*設定!$B$4 | S43: =Q43/C43 | T43: =R43/C43
A44: S4-J-NTA270224A | B44: 2027/02/24 | C44: 4 | D44: 279600 | E44: 0 | F44: 12 | G44: 4 | H44: 4 | I44: 4 | J44: 8 | K44: 8 | L44: 4 | M44: 4 | N44: 4 | O44: =F44*$B$5+G44*$B$6+H44*$B$7+I44*$B$8+J44*$B$9+K44*$B$10+L44*$B$11+M44*$B$12+N44*$B$13 | P44: =O44*設定!$B$2 | Q44: =(D44-E44)*設定!$B$3-P44-((D44-E44)-P44)*設定!$B$4 | R44: =D44*設定!$B$3-P44-(D44-P44)*設定!$B$4 | S44: =Q44/C44 | T44: =R44/C44
... A47: S4-J-NTA270312A | B47: 2027/03/12 | C47: 4 | D47: 259600 | E47: 0 | F47: 12 | G47: 4 | H47: 4 | I47: 4 | J47: 8 | K47: 8 | L47: 4 | M47: 4 | N47: 4 | O47: =F47*$B$5+G47*$B$6+H47*$B$7+I47*$B$8+J47*$B$9+K47*$B$10+L47*$B$11+M47*$B$12+N47*$B$13 | P47: =O47*設定!$B$2 | Q47: =(D47-E47)*設定!$B$3-P47-((D47-E47)-P47)*設定!$B$4 | R47: =D47*設定!$B$3-P47-(D47-P47)*設定!$B$4 | S47: =Q47/C47 | T47: =R47/C47

Sheet 野澤不含機票
A1: 野澤不含機票(團號 無A)
A2: 人數 | B2: =SUM(C32:C100)
A4: 項目 | B4: 單價(日幣,在設定分頁填) | C4: 數量 | D4: 日幣總價 | E4: 台幣總價 | F4: 每人數量 | G4: 每人台幣 | H4: 數量算法
A5: 野澤住宿(1泊) | B5: =設定!$C$16 | C5: =SUM(F32:F100) | D5: =B5*C5 | E5: =D5*設定!$B$2 | F5: =IF($B$2=0,0,C5/$B$2) | G5: =IF($B$2=0,0,E5/$B$2) | H5: 標準3泊 + 續滑天數(保留市區住宿者不加)
A6: 東京住宿(1泊) | B6: =設定!$C$17 | C6: =SUM(G32:G100) | D6: =B6*C6 | E6: =D6*設定!$B$2 | F6: =IF($B$2=0,0,C6/$B$2) | G6: =IF($B$2=0,0,E6/$B$2) | H6: 標準1泊 + 市區續住;取消者標準為0
A7: 交通 機場>雪場 | B7: =設定!$C$18 | C7: =SUM(H32:H100) | D7: =B7*C7 | E7: =D7*設定!$B$2 | F7: =IF($B$2=0,0,C7/$B$2) | G7: =IF($B$2=0,0,E7/$B$2) | H7: 每人1
A8: 交通 雪場>市區 | B8: =設定!$C$19 | C8: =SUM(I32:I100) | D8: =B8*C8 | E8: =D8*設定!$B$2 | F8: =IF($B$2=0,0,C8/$B$2) | G8: =IF($B$2=0,0,E8/$B$2) | H8: 每人1
A9: 雪票(1日) | B9: =設定!$C$20 | C9: =SUM(J32:J100) | D9: =B9*C9 | E9: =D9*設定!$B$2 | F9: =IF($B$2=0,0,C9/$B$2) | G9: =IF($B$2=0,0,E9/$B$2) | H9: 標準2日 + 續滑天數
A10: 雪靴(1日) | B10: =設定!$C$21 | C10: =SUM(K32:K100) | D10: =B10*C10 | E10: =D10*設定!$B$2 | F10: =IF($B$2=0,0,C10/$B$2) | G10: =IF($B$2=0,0,E10/$B$2) | H10: 標準2日 + 續滑天數
A11: 下山巴士 | B11: =設定!$C$22 | C11: =SUM(L32:L100) | D11: =B11*C11 | E11: =D11*設定!$B$2 | F11: =IF($B$2=0,0,C11/$B$2) | G11: =IF($B$2=0,0,E11/$B$2) | H11: 每人1
A12: 保險 | B12: =設定!$C$24 | C12: =SUM(M32:M100) | D12: =B12*C12 | E12: =D12*設定!$B$2 | F12: =IF($B$2=0,0,C12/$B$2) | G12: =IF($B$2=0,0,E12/$B$2) | H12: 每人1
A13: 總成本 | D13: =SUM(D5:D12) | E13: =SUM(E5:E12) | G13: =SUM(G5:G12)
A15: 結果(台幣) | B15: 版本一(不計租借收入) | C15: 版本二(含租借收入)
A16: 總收入(原始團費) | B16: =SUM(D32:D100) | C16: =SUM(D32:D100)
A17: 租借收入(依租借欄位估算) | B17: =SUM(E32:E100) | C17: =SUM(E32:E100)
A18: 計入收入 | B18: =B16-B17 | C18: =C16
A19: 刷卡後收入(×係數) | B19: =B18*設定!$B$3 | C19: =C18*設定!$B$3
A20: 總成本 | B20: =$E$13 | C20: =$E$13
A21: 稅 (計入收入−總成本)×稅率 | B21: =(B18-B20)*設定!$B$4 | C21: =(C18-C20)*設定!$B$4
A22: 最後結果 | B22: =B19-B20-B21 | C22: =C19-C20-C21
A23: 每人 計入收入 | B23: =IF($B$2=0,0,B18/$B$2) | C23: =IF($B$2=0,0,C18/$B$2)
A24: 每人 總成本 | B24: =IF($B$2=0,0,B20/$B$2) | C24: =IF($B$2=0,0,C20/$B$2)
A25: 每人 結果 | B25: =IF($B$2=0,0,B22/$B$2) | C25: =IF($B$2=0,0,C22/$B$2)
A30: 團別明細(數量來自原始資料;成本用上方單價計算)
A31: 團號 | B31: 出發日 | C31: 人數 | D31: 總收入 | E31: 租借收入(估) | F31: 野澤住宿(1泊) | G31: 東京住宿(1泊) | H31: 交通 機場>雪場 | I31: 交通 雪場>市區 | J31: 雪票(1日) | K31: 雪靴(1日) | L31: 下山巴士 | M31: 保險 | N31: 日幣成本 | O31: 台幣成本 | P31: 版本一結果 | Q31: 版本二結果 | R31: 每人 版本一 | S31: 每人 版本二
A32: S4-J-N0270114A | B32: 2027/01/14 | C32: 5 | D32: 229500 | E32: 0 | F32: 15 | G32: 0 | H32: 5 | I32: 5 | J32: 10 | K32: 10 | L32: 5 | M32: 5 | N32: =F32*$B$5+G32*$B$6+H32*$B$7+I32*$B$8+J32*$B$9+K32*$B$10+L32*$B$11+M32*$B$12 | O32: =N32*設定!$B$2 | P32: =(D32-E32)*設定!$B$3-O32-((D32-E32)-O32)*設定!$B$4 | Q32: =D32*設定!$B$3-O32-(D32-O32)*設定!$B$4 | R32: =P32/C32 | S32: =Q32/C32
A33: S4-J-N0270125A | B33: 2027/01/25 | C33: 5 | D33: 329500 | E33: 0 | F33: 25 | G33: 0 | H33: 5 | I33: 5 | J33: 20 | K33: 20 | L33: 5 | M33: 5 | N33: =F33*$B$5+G33*$B$6+H33*$B$7+I33*$B$8+J33*$B$9+K33*$B$10+L33*$B$11+M33*$B$12 | O33: =N33*設定!$B$2 | P33: =(D33-E33)*設定!$B$3-O33-((D33-E33)-O33)*設定!$B$4 | Q33: =D33*設定!$B$3-O33-(D33-O33)*設定!$B$4 | R33: =P33/C33 | S33: =Q33/C33
A34: S4-J-N0270211A | B34: 2027/02/11 | C34: 10 | D34: 531000 | E34: 0 | F34: 40 | G34: 0 | H34: 10 | I34: 10 | J34: 30 | K34: 30 | L34: 10 | M34: 10 | N34: =F34*$B$5+G34*$B$6+H34*$B$7+I34*$B$8+J34*$B$9+K34*$B$10+L34*$B$11+M34*$B$12 | O34: =N34*設定!$B$2 | P34: =(D34-E34)*設定!$B$3-O34-((D34-E34)-O34)*設定!$B$4 | Q34: =D34*設定!$B$3-O34-(D34-O34)*設定!$B$4 | R34: =P34/C34 | S34: =Q34/C34
A35: S4-J-N0270221A | B35: 2027/02/21 | C35: 5 | D35: 274500 | E35: 0 | F35: 20 | G35: 0 | H35: 5 | I35: 5 | J35: 15 | K35: 15 | L35: 5 | M35: 5 | N35: =F35*$B$5+G35*$B$6+H35*$B$7+I35*$B$8+J35*$B$9+K35*$B$10+L35*$B$11+M35*$B$12 | O35: =N35*設定!$B$2 | P35: =(D35-E35)*設定!$B$3-O35-((D35-E35)-O35)*設定!$B$4 | Q35: =D35*設定!$B$3-O35-(D35-O35)*設定!$B$4 | R35: =P35/C35 | S35: =Q35/C35
A36: S4-J-NT0261218A | B36: 2026/12/18 | C36: 7 | D36: 365600 | E36: 18800 | F36: 21 | G36: 7 | H36: 7 | I36: 7 | J36: 14 | K36: 14 | L36: 7 | M36: 7 | N36: =F36*$B$5+G36*$B$6+H36*$B$7+I36*$B$8+J36*$B$9+K36*$B$10+L36*$B$11+M36*$B$12 | O36: =N36*設定!$B$2 | P36: =(D36-E36)*設定!$B$3-O36-((D36-E36)-O36)*設定!$B$4 | Q36: =D36*設定!$B$3-O36-(D36-O36)*設定!$B$4 | R36: =P36/C36 | S36: =Q36/C36
A37: S4-J-NT0261219A | B37: 2026/12/19 | C37: 7 | D37: 334700 | E37: 20400 | F37: 21 | G37: 7 | H37: 7 | I37: 7 | J37: 14 | K37: 14 | L37: 7 | M37: 7 | N37: =F37*$B$5+G37*$B$6+H37*$B$7+I37*$B$8+J37*$B$9+K37*$B$10+L37*$B$11+M37*$B$12 | O37: =N37*設定!$B$2 | P37: =(D37-E37)*設定!$B$3-O37-((D37-E37)-O37)*設定!$B$4 | Q37: =D37*設定!$B$3-O37-(D37-O37)*設定!$B$4 | R37: =P37/C37 | S37: =Q37/C37
A38: S4-J-NT0261220A | B38: 2026/12/20 | C38: 2 | D38: 100120 | E38: 6400 | F38: 6 | G38: 2 | H38: 2 | I38: 2 | J38: 4 | K38: 4 | L38: 2 | M38: 2 | N38: =F38*$B$5+G38*$B$6+H38*$B$7+I38*$B$8+J38*$B$9+K38*$B$10+L38*$B$11+M38*$B$12 | O38: =N38*設定!$B$2 | P38: =(D38-E38)*設定!$B$3-O38-((D38-E38)-O38)*設定!$B$4 | Q38: =D38*設定!$B$3-O38-(D38-O38)*設定!$B$4 | R38: =P38/C38 | S38: =Q38/C38
A39: S4-J-NT0261221A | B39: 2026/12/21 | C39: 5 | D39: 370400 | E39: 7400 | F39: 23 | G39: 11 | H39: 5 | I39: 5 | J39: 18 | K39: 18 | L39: 5 | M39: 5 | N39: =F39*$B$5+G39*$B$6+H39*$B$7+I39*$B$8+J39*$B$9+K39*$B$10+L39*$B$11+M39*$B$12 | O39: =N39*設定!$B$2 | P39: =(D39-E39)*設定!$B$3-O39-((D39-E39)-O39)*設定!$B$4 | Q39: =D39*設定!$B$3-O39-(D39-O39)*設定!$B$4 | R39: =P39/C39 | S39: =Q39/C39
A40: S4-J-NT0261222A | B40: 2026/12/22 | C40: 4 | D40: 191200 | E40: 9600 | F40: 12 | G40: 4 | H40: 4 | I40: 4 | J40: 8 | K40: 8 | L40: 4 | M40: 4 | N40: =F40*$B$5+G40*$B$6+H40*$B$7+I40*$B$8+J40*$B$9+K40*$B$10+L40*$B$11+M40*$B$12 | O40: =N40*設定!$B$2 | P40: =(D40-E40)*設定!$B$3-O40-((D40-E40)-O40)*設定!$B$4 | Q40: =D40*設定!$B$3-O40-(D40-O40)*設定!$B$4 | R40: =P40/C40 | S40: =Q40/C40
A41: S4-J-NT0261223A | B41: 2026/12/23 | C41: 5 | D41: 236900 | E41: 10400 | F41: 15 | G41: 5 | H41: 5 | I41: 5 | J41: 10 | K41: 10 | L41: 5 | M41: 5 | N41: =F41*$B$5+G41*$B$6+H41*$B$7+I41*$B$8+J41*$B$9+K41*$B$10+L41*$B$11+M41*$B$12 | O41: =N41*設定!$B$2 | P41: =(D41-E41)*設定!$B$3-O41-((D41-E41)-O41)*設定!$B$4 | Q41: =D41*設定!$B$3-O41-(D41-O41)*設定!$B$4 | R41: =P41/C41 | S41: =Q41/C41
A42: S4-J-NT0261224A | B42: 2026/12/24 | C42: 2 | D42: 104200 | E42: 6400 | F42: 6 | G42: 2 | H42: 2 | I42: 2 | J42: 4 | K42: 4 | L42: 2 | M42: 2 | N42: =F42*$B$5+G42*$B$6+H42*$B$7+I42*$B$8+J42*$B$9+K42*$B$10+L42*$B$11+M42*$B$12 | O42: =N42*設定!$B$2 | P42: =(D42-E42)*設定!$B$3-O42-((D42-E42)-O42)*設定!$B$4 | Q42: =D42*設定!$B$3-O42-(D42-O42)*設定!$B$4 | R42: =P42/C42 | S42: =Q42/C42
A43: S4-J-NT0261225A | B43: 2026/12/25 | C43: 14 | D43: 734600 | E43: 34000 | F43: 42 | G43: 14 | H43: 14 | I43: 14 | J43: 28 | K43: 28 | L43: 14 | M43: 14 | N43: =F43*$B$5+G43*$B$6+H43*$B$7+I43*$B$8+J43*$B$9+K43*$B$10+L43*$B$11+M43*$B$12 | O43: =N43*設定!$B$2 | P43: =(D43-E43)*設定!$B$3-O43-((D43-E43)-O43)*設定!$B$4 | Q43: =D43*設定!$B$3-O43-(D43-O43)*設定!$B$4 | R43: =P43/C43 | S43: =Q43/C43
... A100: S4-J-NT0270323A | B100: 2027/03/23 | C100: 2 | D100: 91400 | E100: 3600 | F100: 6 | G100: 2 | H100: 2 | I100: 2 | J100: 4 | K100: 4 | L100: 2 | M100: 2 | N100: =F100*$B$5+G100*$B$6+H100*$B$7+I100*$B$8+J100*$B$9+K100*$B$10+L100*$B$11+M100*$B$12 | O100: =N100*設定!$B$2 | P100: =(D100-E100)*設定!$B$3-O100-((D100-E100)-O100)*設定!$B$4 | Q100: =D100*設定!$B$3-O100-(D100-O100)*設定!$B$4 | R100: =P100/C100 | S100: =Q100/C100

Sheet 斑尾含機票
A1: 斑尾含機票(團號 含A)
A2: 人數 | B2: =SUM(C33:C46)
A4: 項目 | B4: 單價(日幣,在設定分頁填) | C4: 數量 | D4: 日幣總價 | E4: 台幣總價 | F4: 每人數量 | G4: 每人台幣 | H4: 數量算法
A5: 斑尾住宿(1泊) | B5: =設定!$C$26 | C5: =SUM(F33:F46) | D5: =B5*C5 | E5: =D5*設定!$B$2 | F5: =IF($B$2=0,0,C5/$B$2) | G5: =IF($B$2=0,0,E5/$B$2) | H5: 標準3泊 + 續滑天數(保留市區住宿者不加)
A6: 東京住宿(1泊) | B6: =設定!$C$27 | C6: =SUM(G33:G46) | D6: =B6*C6 | E6: =D6*設定!$B$2 | F6: =IF($B$2=0,0,C6/$B$2) | G6: =IF($B$2=0,0,E6/$B$2) | H6: 標準1泊 + 市區續住;取消者標準為0
A7: 交通 機場>雪場 | B7: =設定!$C$28 | C7: =SUM(H33:H46) | D7: =B7*C7 | E7: =D7*設定!$B$2 | F7: =IF($B$2=0,0,C7/$B$2) | G7: =IF($B$2=0,0,E7/$B$2) | H7: 每人1
A8: 交通 雪場>市區 | B8: =設定!$C$29 | C8: =SUM(I33:I46) | D8: =B8*C8 | E8: =D8*設定!$B$2 | F8: =IF($B$2=0,0,C8/$B$2) | G8: =IF($B$2=0,0,E8/$B$2) | H8: 每人1
A9: 雪票(1日) | B9: =設定!$C$30 | C9: =SUM(J33:J46) | D9: =B9*C9 | E9: =D9*設定!$B$2 | F9: =IF($B$2=0,0,C9/$B$2) | G9: =IF($B$2=0,0,E9/$B$2) | H9: 標準2日 + 續滑天數
A10: 三點set | B10: =設定!$C$31 | C10: =SUM(K33:K46) | D10: =B10*C10 | E10: =D10*設定!$B$2 | F10: =IF($B$2=0,0,C10/$B$2) | G10: =IF($B$2=0,0,E10/$B$2) | H10: 標準2日 + 續滑天數
A11: 下山接駁 | B11: =設定!$C$32 | C11: =SUM(L33:L46) | D11: =B11*C11 | E11: =D11*設定!$B$2 | F11: =IF($B$2=0,0,C11/$B$2) | G11: =IF($B$2=0,0,E11/$B$2) | H11: 每人1
A12: 機票 | B12: =設定!$C$33 | C12: =SUM(M33:M46) | D12: =B12*C12 | E12: =D12*設定!$B$2 | F12: =IF($B$2=0,0,C12/$B$2) | G12: =IF($B$2=0,0,E12/$B$2) | H12: 每人1
A13: 保險 | B13: =設定!$C$34 | C13: =SUM(N33:N46) | D13: =B13*C13 | E13: =D13*設定!$B$2 | F13: =IF($B$2=0,0,C13/$B$2) | G13: =IF($B$2=0,0,E13/$B$2) | H13: 每人1
A14: 總成本 | D14: =SUM(D5:D13) | E14: =SUM(E5:E13) | G14: =SUM(G5:G13)
A16: 結果(台幣) | B16: 版本一(不計租借收入) | C16: 版本二(含租借收入)
A17: 總收入(原始團費) | B17: =SUM(D33:D46) | C17: =SUM(D33:D46)
A18: 租借收入(依租借欄位估算) | B18: =SUM(E33:E46) | C18: =SUM(E33:E46)
A19: 計入收入 | B19: =B17-B18 | C19: =C17
A20: 刷卡後收入(×係數) | B20: =B19*設定!$B$3 | C20: =C19*設定!$B$3
A21: 總成本 | B21: =$E$14 | C21: =$E$14
A22: 稅 (計入收入−總成本)×稅率 | B22: =(B19-B21)*設定!$B$4 | C22: =(C19-C21)*設定!$B$4
A23: 最後結果 | B23: =B20-B21-B22 | C23: =C20-C21-C22
A24: 每人 計入收入 | B24: =IF($B$2=0,0,B19/$B$2) | C24: =IF($B$2=0,0,C19/$B$2)
A25: 每人 總成本 | B25: =IF($B$2=0,0,B21/$B$2) | C25: =IF($B$2=0,0,C21/$B$2)
A26: 每人 結果 | B26: =IF($B$2=0,0,B23/$B$2) | C26: =IF($B$2=0,0,C23/$B$2)
A31: 團別明細(數量來自原始資料;成本用上方單價計算)
A32: 團號 | B32: 出發日 | C32: 人數 | D32: 總收入 | E32: 租借收入(估) | F32: 斑尾住宿(1泊) | G32: 東京住宿(1泊) | H32: 交通 機場>雪場 | I32: 交通 雪場>市區 | J32: 雪票(1日) | K32: 三點set | L32: 下山接駁 | M32: 機票 | N32: 保險 | O32: 日幣成本 | P32: 台幣成本 | Q32: 版本一結果 | R32: 版本二結果 | S32: 每人 版本一 | T32: 每人 版本二
A33: S4-J-BTA261218A | B33: 2026/12/18 | C33: 2 | D33: 134200 | E33: 6400 | F33: 6 | G33: 2 | H33: 2 | I33: 2 | J33: 4 | K33: 4 | L33: 2 | M33: 2 | N33: 2 | O33: =F33*$B$5+G33*$B$6+H33*$B$7+I33*$B$8+J33*$B$9+K33*$B$10+L33*$B$11+M33*$B$12+N33*$B$13 | P33: =O33*設定!$B$2 | Q33: =(D33-E33)*設定!$B$3-P33-((D33-E33)-P33)*設定!$B$4 | R33: =D33*設定!$B$3-P33-(D33-P33)*設定!$B$4 | S33: =Q33/C33 | T33: =R33/C33
A34: S4-J-BTA270112A | B34: 2027/01/12 | C34: 2 | D34: 138200 | E34: 6400 | F34: 6 | G34: 2 | H34: 2 | I34: 2 | J34: 4 | K34: 4 | L34: 2 | M34: 2 | N34: 2 | O34: =F34*$B$5+G34*$B$6+H34*$B$7+I34*$B$8+J34*$B$9+K34*$B$10+L34*$B$11+M34*$B$12+N34*$B$13 | P34: =O34*設定!$B$2 | Q34: =(D34-E34)*設定!$B$3-P34-((D34-E34)-P34)*設定!$B$4 | R34: =D34*設定!$B$3-P34-(D34-P34)*設定!$B$4 | S34: =Q34/C34 | T34: =R34/C34
A35: S4-J-BTA270113A | B35: 2027/01/13 | C35: 4 | D35: 272400 | E35: 12800 | F35: 12 | G35: 4 | H35: 4 | I35: 4 | J35: 8 | K35: 8 | L35: 4 | M35: 4 | N35: 4 | O35: =F35*$B$5+G35*$B$6+H35*$B$7+I35*$B$8+J35*$B$9+K35*$B$10+L35*$B$11+M35*$B$12+N35*$B$13 | P35: =O35*設定!$B$2 | Q35: =(D35-E35)*設定!$B$3-P35-((D35-E35)-P35)*設定!$B$4 | R35: =D35*設定!$B$3-P35-(D35-P35)*設定!$B$4 | S35: =Q35/C35 | T35: =R35/C35
A36: S4-J-BTA270114A | B36: 2027/01/14 | C36: 3 | D36: 196900 | E36: 1200 | F36: 9 | G36: 3 | H36: 3 | I36: 3 | J36: 6 | K36: 6 | L36: 3 | M36: 3 | N36: 3 | O36: =F36*$B$5+G36*$B$6+H36*$B$7+I36*$B$8+J36*$B$9+K36*$B$10+L36*$B$11+M36*$B$12+N36*$B$13 | P36: =O36*設定!$B$2 | Q36: =(D36-E36)*設定!$B$3-P36-((D36-E36)-P36)*設定!$B$4 | R36: =D36*設定!$B$3-P36-(D36-P36)*設定!$B$4 | S36: =Q36/C36 | T36: =R36/C36
A37: S4-J-BTA270115A | B37: 2027/01/15 | C37: 2 | D37: 139374 | E37: 6400 | F37: 6 | G37: 2 | H37: 2 | I37: 2 | J37: 4 | K37: 4 | L37: 2 | M37: 2 | N37: 2 | O37: =F37*$B$5+G37*$B$6+H37*$B$7+I37*$B$8+J37*$B$9+K37*$B$10+L37*$B$11+M37*$B$12+N37*$B$13 | P37: =O37*設定!$B$2 | Q37: =(D37-E37)*設定!$B$3-P37-((D37-E37)-P37)*設定!$B$4 | R37: =D37*設定!$B$3-P37-(D37-P37)*設定!$B$4 | S37: =Q37/C37 | T37: =R37/C37
A38: S4-J-BTA270118A | B38: 2027/01/18 | C38: 3 | D38: 204300 | E38: 9600 | F38: 9 | G38: 3 | H38: 3 | I38: 3 | J38: 6 | K38: 6 | L38: 3 | M38: 3 | N38: 3 | O38: =F38*$B$5+G38*$B$6+H38*$B$7+I38*$B$8+J38*$B$9+K38*$B$10+L38*$B$11+M38*$B$12+N38*$B$13 | P38: =O38*設定!$B$2 | Q38: =(D38-E38)*設定!$B$3-P38-((D38-E38)-P38)*設定!$B$4 | R38: =D38*設定!$B$3-P38-(D38-P38)*設定!$B$4 | S38: =Q38/C38 | T38: =R38/C38
A39: S4-J-BTA270119A | B39: 2027/01/19 | C39: 5 | D39: 359500 | E39: 16000 | F39: 15 | G39: 5 | H39: 5 | I39: 5 | J39: 10 | K39: 10 | L39: 5 | M39: 5 | N39: 5 | O39: =F39*$B$5+G39*$B$6+H39*$B$7+I39*$B$8+J39*$B$9+K39*$B$10+L39*$B$11+M39*$B$12+N39*$B$13 | P39: =O39*設定!$B$2 | Q39: =(D39-E39)*設定!$B$3-P39-((D39-E39)-P39)*設定!$B$4 | R39: =D39*設定!$B$3-P39-(D39-P39)*設定!$B$4 | S39: =Q39/C39 | T39: =R39/C39
A40: S4-J-BTA270220A | B40: 2027/02/20 | C40: 4 | D40: 268880 | E40: 0 | F40: 12 | G40: 4 | H40: 4 | I40: 4 | J40: 8 | K40: 8 | L40: 4 | M40: 4 | N40: 4 | O40: =F40*$B$5+G40*$B$6+H40*$B$7+I40*$B$8+J40*$B$9+K40*$B$10+L40*$B$11+M40*$B$12+N40*$B$13 | P40: =O40*設定!$B$2 | Q40: =(D40-E40)*設定!$B$3-P40-((D40-E40)-P40)*設定!$B$4 | R40: =D40*設定!$B$3-P40-(D40-P40)*設定!$B$4 | S40: =Q40/C40 | T40: =R40/C40
A41: S4-J-BTA270222A | B41: 2027/02/22 | C41: 2 | D41: 131800 | E41: 0 | F41: 6 | G41: 2 | H41: 2 | I41: 2 | J41: 4 | K41: 4 | L41: 2 | M41: 2 | N41: 2 | O41: =F41*$B$5+G41*$B$6+H41*$B$7+I41*$B$8+J41*$B$9+K41*$B$10+L41*$B$11+M41*$B$12+N41*$B$13 | P41: =O41*設定!$B$2 | Q41: =(D41-E41)*設定!$B$3-P41-((D41-E41)-P41)*設定!$B$4 | R41: =D41*設定!$B$3-P41-(D41-P41)*設定!$B$4 | S41: =Q41/C41 | T41: =R41/C41
A42: S4-J-BTA270301A | B42: 2027/03/01 | C42: 3 | D42: 194700 | E42: 0 | F42: 9 | G42: 3 | H42: 3 | I42: 3 | J42: 6 | K42: 6 | L42: 3 | M42: 3 | N42: 3 | O42: =F42*$B$5+G42*$B$6+H42*$B$7+I42*$B$8+J42*$B$9+K42*$B$10+L42*$B$11+M42*$B$12+N42*$B$13 | P42: =O42*設定!$B$2 | Q42: =(D42-E42)*設定!$B$3-P42-((D42-E42)-P42)*設定!$B$4 | R42: =D42*設定!$B$3-P42-(D42-P42)*設定!$B$4 | S42: =Q42/C42 | T42: =R42/C42
A43: S4-J-BTA270304A | B43: 2027/03/04 | C43: 1 | D43: 86100 | E43: 3200 | F43: 3 | G43: 1 | H43: 1 | I43: 1 | J43: 2 | K43: 2 | L43: 1 | M43: 1 | N43: 1 | O43: =F43*$B$5+G43*$B$6+H43*$B$7+I43*$B$8+J43*$B$9+K43*$B$10+L43*$B$11+M43*$B$12+N43*$B$13 | P43: =O43*設定!$B$2 | Q43: =(D43-E43)*設定!$B$3-P43-((D43-E43)-P43)*設定!$B$4 | R43: =D43*設定!$B$3-P43-(D43-P43)*設定!$B$4 | S43: =Q43/C43 | T43: =R43/C43
A44: S4-J-BTA270305A | B44: 2027/03/05 | C44: 2 | D44: 131800 | E44: 0 | F44: 6 | G44: 2 | H44: 2 | I44: 2 | J44: 4 | K44: 4 | L44: 2 | M44: 2 | N44: 2 | O44: =F44*$B$5+G44*$B$6+H44*$B$7+I44*$B$8+J44*$B$9+K44*$B$10+L44*$B$11+M44*$B$12+N44*$B$13 | P44: =O44*設定!$B$2 | Q44: =(D44-E44)*設定!$B$3-P44-((D44-E44)-P44)*設定!$B$4 | R44: =D44*設定!$B$3-P44-(D44-P44)*設定!$B$4 | S44: =Q44/C44 | T44: =R44/C44
... A46: S4-J-BTA270308A | B46: 2027/03/08 | C46: 4 | D46: 255600 | E46: 0 | F46: 12 | G46: 4 | H46: 4 | I46: 4 | J46: 8 | K46: 8 | L46: 4 | M46: 4 | N46: 4 | O46: =F46*$B$5+G46*$B$6+H46*$B$7+I46*$B$8+J46*$B$9+K46*$B$10+L46*$B$11+M46*$B$12+N46*$B$13 | P46: =O46*設定!$B$2 | Q46: =(D46-E46)*設定!$B$3-P46-((D46-E46)-P46)*設定!$B$4 | R46: =D46*設定!$B$3-P46-(D46-P46)*設定!$B$4 | S46: =Q46/C46 | T46: =R46/C46

Sheet 斑尾不含機票
A1: 斑尾不含機票(團號 無A)
A2: 人數 | B2: =SUM(C32:C92)
A4: 項目 | B4: 單價(日幣,在設定分頁填) | C4: 數量 | D4: 日幣總價 | E4: 台幣總價 | F4: 每人數量 | G4: 每人台幣 | H4: 數量算法
A5: 斑尾住宿(1泊) | B5: =設定!$C$26 | C5: =SUM(F32:F92) | D5: =B5*C5 | E5: =D5*設定!$B$2 | F5: =IF($B$2=0,0,C5/$B$2) | G5: =IF($B$2=0,0,E5/$B$2) | H5: 標準3泊 + 續滑天數(保留市區住宿者不加)
A6: 東京住宿(1泊) | B6: =設定!$C$27 | C6: =SUM(G32:G92) | D6: =B6*C6 | E6: =D6*設定!$B$2 | F6: =IF($B$2=0,0,C6/$B$2) | G6: =IF($B$2=0,0,E6/$B$2) | H6: 標準1泊 + 市區續住;取消者標準為0
A7: 交通 機場>雪場 | B7: =設定!$C$28 | C7: =SUM(H32:H92) | D7: =B7*C7 | E7: =D7*設定!$B$2 | F7: =IF($B$2=0,0,C7/$B$2) | G7: =IF($B$2=0,0,E7/$B$2) | H7: 每人1
A8: 交通 雪場>市區 | B8: =設定!$C$29 | C8: =SUM(I32:I92) | D8: =B8*C8 | E8: =D8*設定!$B$2 | F8: =IF($B$2=0,0,C8/$B$2) | G8: =IF($B$2=0,0,E8/$B$2) | H8: 每人1
A9: 雪票(1日) | B9: =設定!$C$30 | C9: =SUM(J32:J92) | D9: =B9*C9 | E9: =D9*設定!$B$2 | F9: =IF($B$2=0,0,C9/$B$2) | G9: =IF($B$2=0,0,E9/$B$2) | H9: 標準2日 + 續滑天數
A10: 三點set | B10: =設定!$C$31 | C10: =SUM(K32:K92) | D10: =B10*C10 | E10: =D10*設定!$B$2 | F10: =IF($B$2=0,0,C10/$B$2) | G10: =IF($B$2=0,0,E10/$B$2) | H10: 標準2日 + 續滑天數
A11: 下山接駁 | B11: =設定!$C$32 | C11: =SUM(L32:L92) | D11: =B11*C11 | E11: =D11*設定!$B$2 | F11: =IF($B$2=0,0,C11/$B$2) | G11: =IF($B$2=0,0,E11/$B$2) | H11: 每人1
A12: 保險 | B12: =設定!$C$34 | C12: =SUM(M32:M92) | D12: =B12*C12 | E12: =D12*設定!$B$2 | F12: =IF($B$2=0,0,C12/$B$2) | G12: =IF($B$2=0,0,E12/$B$2) | H12: 每人1
A13: 總成本 | D13: =SUM(D5:D12) | E13: =SUM(E5:E12) | G13: =SUM(G5:G12)
A15: 結果(台幣) | B15: 版本一(不計租借收入) | C15: 版本二(含租借收入)
A16: 總收入(原始團費) | B16: =SUM(D32:D92) | C16: =SUM(D32:D92)
A17: 租借收入(依租借欄位估算) | B17: =SUM(E32:E92) | C17: =SUM(E32:E92)
A18: 計入收入 | B18: =B16-B17 | C18: =C16
A19: 刷卡後收入(×係數) | B19: =B18*設定!$B$3 | C19: =C18*設定!$B$3
A20: 總成本 | B20: =$E$13 | C20: =$E$13
A21: 稅 (計入收入−總成本)×稅率 | B21: =(B18-B20)*設定!$B$4 | C21: =(C18-C20)*設定!$B$4
A22: 最後結果 | B22: =B19-B20-B21 | C22: =C19-C20-C21
A23: 每人 計入收入 | B23: =IF($B$2=0,0,B18/$B$2) | C23: =IF($B$2=0,0,C18/$B$2)
A24: 每人 總成本 | B24: =IF($B$2=0,0,B20/$B$2) | C24: =IF($B$2=0,0,C20/$B$2)
A25: 每人 結果 | B25: =IF($B$2=0,0,B22/$B$2) | C25: =IF($B$2=0,0,C22/$B$2)
A30: 團別明細(數量來自原始資料;成本用上方單價計算)
A31: 團號 | B31: 出發日 | C31: 人數 | D31: 總收入 | E31: 租借收入(估) | F31: 斑尾住宿(1泊) | G31: 東京住宿(1泊) | H31: 交通 機場>雪場 | I31: 交通 雪場>市區 | J31: 雪票(1日) | K31: 三點set | L31: 下山接駁 | M31: 保險 | N31: 日幣成本 | O31: 台幣成本 | P31: 版本一結果 | Q31: 版本二結果 | R31: 每人 版本一 | S31: 每人 版本二
A32: S4-J-B0270118A | B32: 2027/01/18 | C32: 2 | D32: 107800 | E32: 3000 | F32: 8 | G32: 0 | H32: 2 | I32: 2 | J32: 6 | K32: 6 | L32: 2 | M32: 2 | N32: =F32*$B$5+G32*$B$6+H32*$B$7+I32*$B$8+J32*$B$9+K32*$B$10+L32*$B$11+M32*$B$12 | O32: =N32*設定!$B$2 | P32: =(D32-E32)*設定!$B$3-O32-((D32-E32)-O32)*設定!$B$4 | Q32: =D32*設定!$B$3-O32-(D32-O32)*設定!$B$4 | R32: =P32/C32 | S32: =Q32/C32
A33: S4-J-B0270212A | B33: 2027/02/12 | C33: 2 | D33: 87800 | E33: 0 | F33: 6 | G33: 0 | H33: 2 | I33: 2 | J33: 4 | K33: 4 | L33: 2 | M33: 2 | N33: =F33*$B$5+G33*$B$6+H33*$B$7+I33*$B$8+J33*$B$9+K33*$B$10+L33*$B$11+M33*$B$12 | O33: =N33*設定!$B$2 | P33: =(D33-E33)*設定!$B$3-O33-((D33-E33)-O33)*設定!$B$4 | Q33: =D33*設定!$B$3-O33-(D33-O33)*設定!$B$4 | R33: =P33/C33 | S33: =Q33/C33
A34: S4-J-BT0261218A | B34: 2026/12/18 | C34: 1 | D34: 65100 | E34: 3200 | F34: 3 | G34: 1 | H34: 1 | I34: 1 | J34: 2 | K34: 2 | L34: 1 | M34: 1 | N34: =F34*$B$5+G34*$B$6+H34*$B$7+I34*$B$8+J34*$B$9+K34*$B$10+L34*$B$11+M34*$B$12 | O34: =N34*設定!$B$2 | P34: =(D34-E34)*設定!$B$3-O34-((D34-E34)-O34)*設定!$B$4 | Q34: =D34*設定!$B$3-O34-(D34-O34)*設定!$B$4 | R34: =P34/C34 | S34: =Q34/C34
A35: S4-J-BT0261219A | B35: 2026/12/19 | C35: 9 | D35: 407700 | E35: 17600 | F35: 27 | G35: 9 | H35: 9 | I35: 9 | J35: 18 | K35: 18 | L35: 9 | M35: 9 | N35: =F35*$B$5+G35*$B$6+H35*$B$7+I35*$B$8+J35*$B$9+K35*$B$10+L35*$B$11+M35*$B$12 | O35: =N35*設定!$B$2 | P35: =(D35-E35)*設定!$B$3-O35-((D35-E35)-O35)*設定!$B$4 | Q35: =D35*設定!$B$3-O35-(D35-O35)*設定!$B$4 | R35: =P35/C35 | S35: =Q35/C35
A36: S4-J-BT0261220A | B36: 2026/12/20 | C36: 7 | D36: 338300 | E36: 0 | F36: 23 | G36: 9 | H36: 7 | I36: 7 | J36: 16 | K36: 16 | L36: 7 | M36: 7 | N36: =F36*$B$5+G36*$B$6+H36*$B$7+I36*$B$8+J36*$B$9+K36*$B$10+L36*$B$11+M36*$B$12 | O36: =N36*設定!$B$2 | P36: =(D36-E36)*設定!$B$3-O36-((D36-E36)-O36)*設定!$B$4 | Q36: =D36*設定!$B$3-O36-(D36-O36)*設定!$B$4 | R36: =P36/C36 | S36: =Q36/C36
A37: S4-J-BT0261221A | B37: 2026/12/21 | C37: 3 | D37: 176600 | E37: 9400 | F37: 10 | G37: 3 | H37: 3 | I37: 3 | J37: 7 | K37: 7 | L37: 3 | M37: 3 | N37: =F37*$B$5+G37*$B$6+H37*$B$7+I37*$B$8+J37*$B$9+K37*$B$10+L37*$B$11+M37*$B$12 | O37: =N37*設定!$B$2 | P37: =(D37-E37)*設定!$B$3-O37-((D37-E37)-O37)*設定!$B$4 | Q37: =D37*設定!$B$3-O37-(D37-O37)*設定!$B$4 | R37: =P37/C37 | S37: =Q37/C37
A38: S4-J-BT0261222A | B38: 2026/12/22 | C38: 9 | D38: 476700 | E38: 5600 | F38: 34 | G38: 9 | H38: 9 | I38: 9 | J38: 25 | K38: 25 | L38: 9 | M38: 9 | N38: =F38*$B$5+G38*$B$6+H38*$B$7+I38*$B$8+J38*$B$9+K38*$B$10+L38*$B$11+M38*$B$12 | O38: =N38*設定!$B$2 | P38: =(D38-E38)*設定!$B$3-O38-((D38-E38)-O38)*設定!$B$4 | Q38: =D38*設定!$B$3-O38-(D38-O38)*設定!$B$4 | R38: =P38/C38 | S38: =Q38/C38
A39: S4-J-BT0261223A | B39: 2026/12/23 | C39: 5 | D39: 300100 | E39: 26000 | F39: 17 | G39: 5 | H39: 5 | I39: 5 | J39: 12 | K39: 12 | L39: 5 | M39: 5 | N39: =F39*$B$5+G39*$B$6+H39*$B$7+I39*$B$8+J39*$B$9+K39*$B$10+L39*$B$11+M39*$B$12 | O39: =N39*設定!$B$2 | P39: =(D39-E39)*設定!$B$3-O39-((D39-E39)-O39)*設定!$B$4 | Q39: =D39*設定!$B$3-O39-(D39-O39)*設定!$B$4 | R39: =P39/C39 | S39: =Q39/C39
A40: S4-J-BT0261224A | B40: 2026/12/24 | C40: 2 | D40: 97800 | E40: 4000 | F40: 6 | G40: 2 | H40: 2 | I40: 2 | J40: 4 | K40: 4 | L40: 2 | M40: 2 | N40: =F40*$B$5+G40*$B$6+H40*$B$7+I40*$B$8+J40*$B$9+K40*$B$10+L40*$B$11+M40*$B$12 | O40: =N40*設定!$B$2 | P40: =(D40-E40)*設定!$B$3-O40-((D40-E40)-O40)*設定!$B$4 | Q40: =D40*設定!$B$3-O40-(D40-O40)*設定!$B$4 | R40: =P40/C40 | S40: =Q40/C40
A41: S4-J-BT0261225A | B41: 2026/12/25 | C41: 2 | D41: 97800 | E41: 0 | F41: 6 | G41: 2 | H41: 2 | I41: 2 | J41: 4 | K41: 4 | L41: 2 | M41: 2 | N41: =F41*$B$5+G41*$B$6+H41*$B$7+I41*$B$8+J41*$B$9+K41*$B$10+L41*$B$11+M41*$B$12 | O41: =N41*設定!$B$2 | P41: =(D41-E41)*設定!$B$3-O41-((D41-E41)-O41)*設定!$B$4 | Q41: =D41*設定!$B$3-O41-(D41-O41)*設定!$B$4 | R41: =P41/C41 | S41: =Q41/C41
A42: S4-J-BT0270103A | B42: 2027/01/03 | C42: 5 | D42: 275500 | E42: 0 | F42: 18 | G42: 5 | H42: 5 | I42: 5 | J42: 13 | K42: 13 | L42: 5 | M42: 5 | N42: =F42*$B$5+G42*$B$6+H42*$B$7+I42*$B$8+J42*$B$9+K42*$B$10+L42*$B$11+M42*$B$12 | O42: =N42*設定!$B$2 | P42: =(D42-E42)*設定!$B$3-O42-((D42-E42)-O42)*設定!$B$4 | Q42: =D42*設定!$B$3-O42-(D42-O42)*設定!$B$4 | R42: =P42/C42 | S42: =Q42/C42
A43: S4-J-BT0270105A | B43: 2027/01/05 | C43: 5 | D43: 293900 | E43: 8400 | F43: 19 | G43: 5 | H43: 5 | I43: 5 | J43: 14 | K43: 14 | L43: 5 | M43: 5 | N43: =F43*$B$5+G43*$B$6+H43*$B$7+I43*$B$8+J43*$B$9+K43*$B$10+L43*$B$11+M43*$B$12 | O43: =N43*設定!$B$2 | P43: =(D43-E43)*設定!$B$3-O43-((D43-E43)-O43)*設定!$B$4 | Q43: =D43*設定!$B$3-O43-(D43-O43)*設定!$B$4 | R43: =P43/C43 | S43: =Q43/C43
... A92: S4-J-BT0270324A | B92: 2027/03/24 | C92: 1 | D92: 65900 | E92: 0 | F92: 3 | G92: 1 | H92: 1 | I92: 1 | J92: 2 | K92: 2 | L92: 1 | M92: 1 | N92: =F92*$B$5+G92*$B$6+H92*$B$7+I92*$B$8+J92*$B$9+K92*$B$10+L92*$B$11+M92*$B$12 | O92: =N92*設定!$B$2 | P92: =(D92-E92)*設定!$B$3-O92-((D92-E92)-O92)*設定!$B$4 | Q92: =D92*設定!$B$3-O92-(D92-O92)*設定!$B$4 | R92: =P92/C92 | S92: =Q92/C92

Sheet 龍平含機票
A1: 龍平含機票(團號 含A)
A2: 人數 | B2: =SUM(C32:C54)
A4: 項目 | B4: 單價(韓幣,在設定分頁填) | C4: 數量 | D4: 韓幣總價 | E4: 台幣總價 | F4: 每人數量 | G4: 每人台幣 | H4: 數量算法
A5: 龍平住宿+早餐 | B5: =設定!$C$36 | C5: =SUM(F32:F54) | D5: =B5*C5 | E5: =D5*設定!$B$5 | F5: =IF($B$2=0,0,C5/$B$2) | G5: =IF($B$2=0,0,E5/$B$2) | H5: 標準3泊 + 續滑天數(保留市區住宿者不加)
A6: 首爾住宿+早餐 | B6: =設定!$C$37 | C6: =SUM(G32:G54) | D6: =B6*C6 | E6: =D6*設定!$B$5 | F6: =IF($B$2=0,0,C6/$B$2) | G6: =IF($B$2=0,0,E6/$B$2) | H6: 標準1泊 + 市區續住;取消者標準為0
A7: 交通 機場>雪場 | B7: =設定!$C$38 | C7: =SUM(H32:H54) | D7: =B7*C7 | E7: =D7*設定!$B$5 | F7: =IF($B$2=0,0,C7/$B$2) | G7: =IF($B$2=0,0,E7/$B$2) | H7: 每人1
A8: 交通 雪場>市區 | B8: =設定!$C$39 | C8: =SUM(I32:I54) | D8: =B8*C8 | E8: =D8*設定!$B$5 | F8: =IF($B$2=0,0,C8/$B$2) | G8: =IF($B$2=0,0,E8/$B$2) | H8: 每人1
A9: 保護費 | B9: =設定!$C$40 | C9: =SUM(J32:J54) | D9: =B9*C9 | E9: =D9*設定!$B$5 | F9: =IF($B$2=0,0,C9/$B$2) | G9: =IF($B$2=0,0,E9/$B$2) | H9: 每人1
A10: 三點set+雪票 | B10: =設定!$C$41 | C10: =SUM(K32:K54) | D10: =B10*C10 | E10: =D10*設定!$B$5 | F10: =IF($B$2=0,0,C10/$B$2) | G10: =IF($B$2=0,0,E10/$B$2) | H10: 標準2日 + 續滑天數
A11: 機票 | B11: =設定!$C$42 | C11: =SUM(L32:L54) | D11: =B11*C11 | E11: =D11*設定!$B$5 | F11: =IF($B$2=0,0,C11/$B$2) | G11: =IF($B$2=0,0,E11/$B$2) | H11: 每人1
A12: 保險 | B12: =設定!$C$43 | C12: =SUM(M32:M54) | D12: =B12*C12 | E12: =D12*設定!$B$5 | F12: =IF($B$2=0,0,C12/$B$2) | G12: =IF($B$2=0,0,E12/$B$2) | H12: 每人1
A13: 總成本 | D13: =SUM(D5:D12) | E13: =SUM(E5:E12) | G13: =SUM(G5:G12)
A15: 結果(台幣) | B15: 版本一(不計租借收入) | C15: 版本二(含租借收入)
A16: 總收入(原始團費) | B16: =SUM(D32:D54) | C16: =SUM(D32:D54)
A17: 租借收入(依租借欄位估算) | B17: =SUM(E32:E54) | C17: =SUM(E32:E54)
A18: 計入收入 | B18: =B16-B17 | C18: =C16
A19: 刷卡後收入(×係數) | B19: =B18*設定!$B$3 | C19: =C18*設定!$B$3
A20: 總成本 | B20: =$E$13 | C20: =$E$13
A21: 稅 (計入收入−總成本)×稅率 | B21: =(B18-B20)*設定!$B$4 | C21: =(C18-C20)*設定!$B$4
A22: 最後結果 | B22: =B19-B20-B21 | C22: =C19-C20-C21
A23: 每人 計入收入 | B23: =IF($B$2=0,0,B18/$B$2) | C23: =IF($B$2=0,0,C18/$B$2)
A24: 每人 總成本 | B24: =IF($B$2=0,0,B20/$B$2) | C24: =IF($B$2=0,0,C20/$B$2)
A25: 每人 結果 | B25: =IF($B$2=0,0,B22/$B$2) | C25: =IF($B$2=0,0,C22/$B$2)
A30: 團別明細(數量來自原始資料;成本用上方單價計算)
A31: 團號 | B31: 出發日 | C31: 人數 | D31: 總收入 | E31: 租借收入(估) | F31: 龍平住宿+早餐 | G31: 首爾住宿+早餐 | H31: 交通 機場>雪場 | I31: 交通 雪場>市區 | J31: 保護費 | K31: 三點set+雪票 | L31: 機票 | M31: 保險 | N31: 韓幣成本 | O31: 台幣成本 | P31: 版本一結果 | Q31: 版本二結果 | R31: 每人 版本一 | S31: 每人 版本二
A32: S4-K-YSA261205A | B32: 2026/12/05 | C32: 2 | D32: 98200 | E32: 6400 | F32: 6 | G32: 2 | H32: 2 | I32: 2 | J32: 2 | K32: 4 | L32: 2 | M32: 2 | N32: =F32*$B$5+G32*$B$6+H32*$B$7+I32*$B$8+J32*$B$9+K32*$B$10+L32*$B$11+M32*$B$12 | O32: =N32*設定!$B$5 | P32: =(D32-E32)*設定!$B$3-O32-((D32-E32)-O32)*設定!$B$4 | Q32: =D32*設定!$B$3-O32-(D32-O32)*設定!$B$4 | R32: =P32/C32 | S32: =Q32/C32
A33: S4-K-YSA261207A | B33: 2026/12/07 | C33: 2 | D33: 98200 | E33: 6400 | F33: 6 | G33: 2 | H33: 2 | I33: 2 | J33: 2 | K33: 4 | L33: 2 | M33: 2 | N33: =F33*$B$5+G33*$B$6+H33*$B$7+I33*$B$8+J33*$B$9+K33*$B$10+L33*$B$11+M33*$B$12 | O33: =N33*設定!$B$5 | P33: =(D33-E33)*設定!$B$3-O33-((D33-E33)-O33)*設定!$B$4 | Q33: =D33*設定!$B$3-O33-(D33-O33)*設定!$B$4 | R33: =P33/C33 | S33: =Q33/C33
A34: S4-K-YSA261208A | B34: 2026/12/08 | C34: 2 | D34: 93800 | E34: 0 | F34: 6 | G34: 2 | H34: 2 | I34: 2 | J34: 2 | K34: 4 | L34: 2 | M34: 2 | N34: =F34*$B$5+G34*$B$6+H34*$B$7+I34*$B$8+J34*$B$9+K34*$B$10+L34*$B$11+M34*$B$12 | O34: =N34*設定!$B$5 | P34: =(D34-E34)*設定!$B$3-O34-((D34-E34)-O34)*設定!$B$4 | Q34: =D34*設定!$B$3-O34-(D34-O34)*設定!$B$4 | R34: =P34/C34 | S34: =Q34/C34
A35: S4-K-YSA261209A | B35: 2026/12/09 | C35: 2 | D35: 95800 | E35: 4000 | F35: 6 | G35: 2 | H35: 2 | I35: 2 | J35: 2 | K35: 4 | L35: 2 | M35: 2 | N35: =F35*$B$5+G35*$B$6+H35*$B$7+I35*$B$8+J35*$B$9+K35*$B$10+L35*$B$11+M35*$B$12 | O35: =N35*設定!$B$5 | P35: =(D35-E35)*設定!$B$3-O35-((D35-E35)-O35)*設定!$B$4 | Q35: =D35*設定!$B$3-O35-(D35-O35)*設定!$B$4 | R35: =P35/C35 | S35: =Q35/C35
A36: S4-K-YSA261210A | B36: 2026/12/10 | C36: 4 | D36: 196400 | E36: 12800 | F36: 12 | G36: 4 | H36: 4 | I36: 4 | J36: 4 | K36: 8 | L36: 4 | M36: 4 | N36: =F36*$B$5+G36*$B$6+H36*$B$7+I36*$B$8+J36*$B$9+K36*$B$10+L36*$B$11+M36*$B$12 | O36: =N36*設定!$B$5 | P36: =(D36-E36)*設定!$B$3-O36-((D36-E36)-O36)*設定!$B$4 | Q36: =D36*設定!$B$3-O36-(D36-O36)*設定!$B$4 | R36: =P36/C36 | S36: =Q36/C36
A37: S4-K-YSA261211A | B37: 2026/12/11 | C37: 3 | D37: 134700 | E37: 0 | F37: 9 | G37: 3 | H37: 3 | I37: 3 | J37: 3 | K37: 6 | L37: 3 | M37: 3 | N37: =F37*$B$5+G37*$B$6+H37*$B$7+I37*$B$8+J37*$B$9+K37*$B$10+L37*$B$11+M37*$B$12 | O37: =N37*設定!$B$5 | P37: =(D37-E37)*設定!$B$3-O37-((D37-E37)-O37)*設定!$B$4 | Q37: =D37*設定!$B$3-O37-(D37-O37)*設定!$B$4 | R37: =P37/C37 | S37: =Q37/C37
A38: S4-K-YSA261212A | B38: 2026/12/12 | C38: 4 | D38: 196400 | E38: 12800 | F38: 12 | G38: 4 | H38: 4 | I38: 4 | J38: 4 | K38: 8 | L38: 4 | M38: 4 | N38: =F38*$B$5+G38*$B$6+H38*$B$7+I38*$B$8+J38*$B$9+K38*$B$10+L38*$B$11+M38*$B$12 | O38: =N38*設定!$B$5 | P38: =(D38-E38)*設定!$B$3-O38-((D38-E38)-O38)*設定!$B$4 | Q38: =D38*設定!$B$3-O38-(D38-O38)*設定!$B$4 | R38: =P38/C38 | S38: =Q38/C38
A39: S4-K-YSA261213A | B39: 2026/12/13 | C39: 2 | D39: 93600 | E39: 2800 | F39: 6 | G39: 2 | H39: 2 | I39: 2 | J39: 2 | K39: 4 | L39: 2 | M39: 2 | N39: =F39*$B$5+G39*$B$6+H39*$B$7+I39*$B$8+J39*$B$9+K39*$B$10+L39*$B$11+M39*$B$12 | O39: =N39*設定!$B$5 | P39: =(D39-E39)*設定!$B$3-O39-((D39-E39)-O39)*設定!$B$4 | Q39: =D39*設定!$B$3-O39-(D39-O39)*設定!$B$4 | R39: =P39/C39 | S39: =Q39/C39
A40: S4-K-YSA261215A | B40: 2026/12/15 | C40: 5 | D40: 239100 | E40: 13600 | F40: 15 | G40: 5 | H40: 5 | I40: 5 | J40: 5 | K40: 10 | L40: 5 | M40: 5 | N40: =F40*$B$5+G40*$B$6+H40*$B$7+I40*$B$8+J40*$B$9+K40*$B$10+L40*$B$11+M40*$B$12 | O40: =N40*設定!$B$5 | P40: =(D40-E40)*設定!$B$3-O40-((D40-E40)-O40)*設定!$B$4 | Q40: =D40*設定!$B$3-O40-(D40-O40)*設定!$B$4 | R40: =P40/C40 | S40: =Q40/C40
A41: S4-K-YSA261216A | B41: 2026/12/16 | C41: 6 | D41: 285800 | E41: 12400 | F41: 18 | G41: 6 | H41: 6 | I41: 6 | J41: 6 | K41: 12 | L41: 6 | M41: 6 | N41: =F41*$B$5+G41*$B$6+H41*$B$7+I41*$B$8+J41*$B$9+K41*$B$10+L41*$B$11+M41*$B$12 | O41: =N41*設定!$B$5 | P41: =(D41-E41)*設定!$B$3-O41-((D41-E41)-O41)*設定!$B$4 | Q41: =D41*設定!$B$3-O41-(D41-O41)*設定!$B$4 | R41: =P41/C41 | S41: =Q41/C41
A42: S4-K-YSA261217A | B42: 2026/12/17 | C42: 4 | D42: 196400 | E42: 12800 | F42: 12 | G42: 4 | H42: 4 | I42: 4 | J42: 4 | K42: 8 | L42: 4 | M42: 4 | N42: =F42*$B$5+G42*$B$6+H42*$B$7+I42*$B$8+J42*$B$9+K42*$B$10+L42*$B$11+M42*$B$12 | O42: =N42*設定!$B$5 | P42: =(D42-E42)*設定!$B$3-O42-((D42-E42)-O42)*設定!$B$4 | Q42: =D42*設定!$B$3-O42-(D42-O42)*設定!$B$4 | R42: =P42/C42 | S42: =Q42/C42
A43: S4-K-YSA261218A | B43: 2026/12/18 | C43: 3 | D43: 141700 | E43: 4000 | F43: 9 | G43: 3 | H43: 3 | I43: 3 | J43: 3 | K43: 6 | L43: 3 | M43: 3 | N43: =F43*$B$5+G43*$B$6+H43*$B$7+I43*$B$8+J43*$B$9+K43*$B$10+L43*$B$11+M43*$B$12 | O43: =N43*設定!$B$5 | P43: =(D43-E43)*設定!$B$3-O43-((D43-E43)-O43)*設定!$B$4 | Q43: =D43*設定!$B$3-O43-(D43-O43)*設定!$B$4 | R43: =P43/C43 | S43: =Q43/C43
... A54: S4-K-YSA270318A | B54: 2027/03/18 | C54: 2 | D54: 91800 | E54: 0 | F54: 6 | G54: 2 | H54: 2 | I54: 2 | J54: 2 | K54: 4 | L54: 2 | M54: 2 | N54: =F54*$B$5+G54*$B$6+H54*$B$7+I54*$B$8+J54*$B$9+K54*$B$10+L54*$B$11+M54*$B$12 | O54: =N54*設定!$B$5 | P54: =(D54-E54)*設定!$B$3-O54-((D54-E54)-O54)*設定!$B$4 | Q54: =D54*設定!$B$3-O54-(D54-O54)*設定!$B$4 | R54: =P54/C54 | S54: =Q54/C54

Sheet 龍平不含機票
A1: 龍平不含機票(團號 無A)
A2: 人數 | B2: =SUM(C31:C102)
A4: 項目 | B4: 單價(韓幣,在設定分頁填) | C4: 數量 | D4: 韓幣總價 | E4: 台幣總價 | F4: 每人數量 | G4: 每人台幣 | H4: 數量算法
A5: 龍平住宿+早餐 | B5: =設定!$C$36 | C5: =SUM(F31:F102) | D5: =B5*C5 | E5: =D5*設定!$B$5 | F5: =IF($B$2=0,0,C5/$B$2) | G5: =IF($B$2=0,0,E5/$B$2) | H5: 標準3泊 + 續滑天數(保留市區住宿者不加)
A6: 首爾住宿+早餐 | B6: =設定!$C$37 | C6: =SUM(G31:G102) | D6: =B6*C6 | E6: =D6*設定!$B$5 | F6: =IF($B$2=0,0,C6/$B$2) | G6: =IF($B$2=0,0,E6/$B$2) | H6: 標準1泊 + 市區續住;取消者標準為0
A7: 交通 機場>雪場 | B7: =設定!$C$38 | C7: =SUM(H31:H102) | D7: =B7*C7 | E7: =D7*設定!$B$5 | F7: =IF($B$2=0,0,C7/$B$2) | G7: =IF($B$2=0,0,E7/$B$2) | H7: 每人1
A8: 交通 雪場>市區 | B8: =設定!$C$39 | C8: =SUM(I31:I102) | D8: =B8*C8 | E8: =D8*設定!$B$5 | F8: =IF($B$2=0,0,C8/$B$2) | G8: =IF($B$2=0,0,E8/$B$2) | H8: 每人1
A9: 保護費 | B9: =設定!$C$40 | C9: =SUM(J31:J102) | D9: =B9*C9 | E9: =D9*設定!$B$5 | F9: =IF($B$2=0,0,C9/$B$2) | G9: =IF($B$2=0,0,E9/$B$2) | H9: 每人1
A10: 三點set+雪票 | B10: =設定!$C$41 | C10: =SUM(K31:K102) | D10: =B10*C10 | E10: =D10*設定!$B$5 | F10: =IF($B$2=0,0,C10/$B$2) | G10: =IF($B$2=0,0,E10/$B$2) | H10: 標準2日 + 續滑天數
A11: 保險 | B11: =設定!$C$43 | C11: =SUM(L31:L102) | D11: =B11*C11 | E11: =D11*設定!$B$5 | F11: =IF($B$2=0,0,C11/$B$2) | G11: =IF($B$2=0,0,E11/$B$2) | H11: 每人1
A12: 總成本 | D12: =SUM(D5:D11) | E12: =SUM(E5:E11) | G12: =SUM(G5:G11)
A14: 結果(台幣) | B14: 版本一(不計租借收入) | C14: 版本二(含租借收入)
A15: 總收入(原始團費) | B15: =SUM(D31:D102) | C15: =SUM(D31:D102)
A16: 租借收入(依租借欄位估算) | B16: =SUM(E31:E102) | C16: =SUM(E31:E102)
A17: 計入收入 | B17: =B15-B16 | C17: =C15
A18: 刷卡後收入(×係數) | B18: =B17*設定!$B$3 | C18: =C17*設定!$B$3
A19: 總成本 | B19: =$E$12 | C19: =$E$12
A20: 稅 (計入收入−總成本)×稅率 | B20: =(B17-B19)*設定!$B$4 | C20: =(C17-C19)*設定!$B$4
A21: 最後結果 | B21: =B18-B19-B20 | C21: =C18-C19-C20
A22: 每人 計入收入 | B22: =IF($B$2=0,0,B17/$B$2) | C22: =IF($B$2=0,0,C17/$B$2)
A23: 每人 總成本 | B23: =IF($B$2=0,0,B19/$B$2) | C23: =IF($B$2=0,0,C19/$B$2)
A24: 每人 結果 | B24: =IF($B$2=0,0,B21/$B$2) | C24: =IF($B$2=0,0,C21/$B$2)
A29: 團別明細(數量來自原始資料;成本用上方單價計算)
A30: 團號 | B30: 出發日 | C30: 人數 | D30: 總收入 | E30: 租借收入(估) | F30: 龍平住宿+早餐 | G30: 首爾住宿+早餐 | H30: 交通 機場>雪場 | I30: 交通 雪場>市區 | J30: 保護費 | K30: 三點set+雪票 | L30: 保險 | M30: 韓幣成本 | N30: 台幣成本 | O30: 版本一結果 | P30: 版本二結果 | Q30: 每人 版本一 | R30: 每人 版本二
A31: S4-K-Y0261206A | B31: 2026/12/06 | C31: 4 | D31: 171600 | E31: 0 | F31: 16 | G31: 0 | H31: 4 | I31: 4 | J31: 4 | K31: 12 | L31: 4 | M31: =F31*$B$5+G31*$B$6+H31*$B$7+I31*$B$8+J31*$B$9+K31*$B$10+L31*$B$11 | N31: =M31*設定!$B$5 | O31: =(D31-E31)*設定!$B$3-N31-((D31-E31)-N31)*設定!$B$4 | P31: =D31*設定!$B$3-N31-(D31-N31)*設定!$B$4 | Q31: =O31/C31 | R31: =P31/C31
A32: S4-K-Y0261220A | B32: 2026/12/20 | C32: 2 | D32: 81400 | E32: 5600 | F32: 6 | G32: 0 | H32: 2 | I32: 2 | J32: 2 | K32: 4 | L32: 2 | M32: =F32*$B$5+G32*$B$6+H32*$B$7+I32*$B$8+J32*$B$9+K32*$B$10+L32*$B$11 | N32: =M32*設定!$B$5 | O32: =(D32-E32)*設定!$B$3-N32-((D32-E32)-N32)*設定!$B$4 | P32: =D32*設定!$B$3-N32-(D32-N32)*設定!$B$4 | Q32: =O32/C32 | R32: =P32/C32
A33: S4-K-YS0261205A | B33: 2026/12/05 | C33: 4 | D33: 140400 | E33: 12800 | F33: 12 | G33: 4 | H33: 4 | I33: 4 | J33: 4 | K33: 8 | L33: 4 | M33: =F33*$B$5+G33*$B$6+H33*$B$7+I33*$B$8+J33*$B$9+K33*$B$10+L33*$B$11 | N33: =M33*設定!$B$5 | O33: =(D33-E33)*設定!$B$3-N33-((D33-E33)-N33)*設定!$B$4 | P33: =D33*設定!$B$3-N33-(D33-N33)*設定!$B$4 | Q33: =O33/C33 | R33: =P33/C33
A34: S4-K-YS0261208A | B34: 2026/12/08 | C34: 2 | D34: 78600 | E34: 6400 | F34: 6 | G34: 4 | H34: 2 | I34: 2 | J34: 2 | K34: 4 | L34: 2 | M34: =F34*$B$5+G34*$B$6+H34*$B$7+I34*$B$8+J34*$B$9+K34*$B$10+L34*$B$11 | N34: =M34*設定!$B$5 | O34: =(D34-E34)*設定!$B$3-N34-((D34-E34)-N34)*設定!$B$4 | P34: =D34*設定!$B$3-N34-(D34-N34)*設定!$B$4 | Q34: =O34/C34 | R34: =P34/C34
A35: S4-K-YS0261209A | B35: 2026/12/09 | C35: 6 | D35: 262200 | E35: 22800 | F35: 22 | G35: 6 | H35: 6 | I35: 6 | J35: 6 | K35: 16 | L35: 6 | M35: =F35*$B$5+G35*$B$6+H35*$B$7+I35*$B$8+J35*$B$9+K35*$B$10+L35*$B$11 | N35: =M35*設定!$B$5 | O35: =(D35-E35)*設定!$B$3-N35-((D35-E35)-N35)*設定!$B$4 | P35: =D35*設定!$B$3-N35-(D35-N35)*設定!$B$4 | Q35: =O35/C35 | R35: =P35/C35
A36: S4-K-YS0261210A | B36: 2026/12/10 | C36: 2 | D36: 72200 | E36: 6400 | F36: 6 | G36: 2 | H36: 2 | I36: 2 | J36: 2 | K36: 4 | L36: 2 | M36: =F36*$B$5+G36*$B$6+H36*$B$7+I36*$B$8+J36*$B$9+K36*$B$10+L36*$B$11 | N36: =M36*設定!$B$5 | O36: =(D36-E36)*設定!$B$3-N36-((D36-E36)-N36)*設定!$B$4 | P36: =D36*設定!$B$3-N36-(D36-N36)*設定!$B$4 | Q36: =O36/C36 | R36: =P36/C36
A37: S4-K-YS0261211A | B37: 2026/12/11 | C37: 7 | D37: 255400 | E37: 22400 | F37: 21 | G37: 7 | H37: 7 | I37: 7 | J37: 7 | K37: 14 | L37: 7 | M37: =F37*$B$5+G37*$B$6+H37*$B$7+I37*$B$8+J37*$B$9+K37*$B$10+L37*$B$11 | N37: =M37*設定!$B$5 | O37: =(D37-E37)*設定!$B$3-N37-((D37-E37)-N37)*設定!$B$4 | P37: =D37*設定!$B$3-N37-(D37-N37)*設定!$B$4 | Q37: =O37/C37 | R37: =P37/C37
A38: S4-K-YS0261212A | B38: 2026/12/12 | C38: 9 | D38: 323300 | E38: 15200 | F38: 27 | G38: 9 | H38: 9 | I38: 9 | J38: 9 | K38: 18 | L38: 9 | M38: =F38*$B$5+G38*$B$6+H38*$B$7+I38*$B$8+J38*$B$9+K38*$B$10+L38*$B$11 | N38: =M38*設定!$B$5 | O38: =(D38-E38)*設定!$B$3-N38-((D38-E38)-N38)*設定!$B$4 | P38: =D38*設定!$B$3-N38-(D38-N38)*設定!$B$4 | Q38: =O38/C38 | R38: =P38/C38
A39: S4-K-YS0261213A | B39: 2026/12/13 | C39: 10 | D39: 455600 | E39: 29600 | F39: 34 | G39: 16 | H39: 10 | I39: 10 | J39: 10 | K39: 24 | L39: 10 | M39: =F39*$B$5+G39*$B$6+H39*$B$7+I39*$B$8+J39*$B$9+K39*$B$10+L39*$B$11 | N39: =M39*設定!$B$5 | O39: =(D39-E39)*設定!$B$3-N39-((D39-E39)-N39)*設定!$B$4 | P39: =D39*設定!$B$3-N39-(D39-N39)*設定!$B$4 | Q39: =O39/C39 | R39: =P39/C39
A40: S4-K-YS0261214A | B40: 2026/12/14 | C40: 2 | D40: 71800 | E40: 2000 | F40: 6 | G40: 2 | H40: 2 | I40: 2 | J40: 2 | K40: 4 | L40: 2 | M40: =F40*$B$5+G40*$B$6+H40*$B$7+I40*$B$8+J40*$B$9+K40*$B$10+L40*$B$11 | N40: =M40*設定!$B$5 | O40: =(D40-E40)*設定!$B$3-N40-((D40-E40)-N40)*設定!$B$4 | P40: =D40*設定!$B$3-N40-(D40-N40)*設定!$B$4 | Q40: =O40/C40 | R40: =P40/C40
A41: S4-K-YS0261215A | B41: 2026/12/15 | C41: 13 | D41: 465800 | E41: 23600 | F41: 39 | G41: 16 | H41: 13 | I41: 13 | J41: 13 | K41: 26 | L41: 13 | M41: =F41*$B$5+G41*$B$6+H41*$B$7+I41*$B$8+J41*$B$9+K41*$B$10+L41*$B$11 | N41: =M41*設定!$B$5 | O41: =(D41-E41)*設定!$B$3-N41-((D41-E41)-N41)*設定!$B$4 | P41: =D41*設定!$B$3-N41-(D41-N41)*設定!$B$4 | Q41: =O41/C41 | R41: =P41/C41
A42: S4-K-YS0261216A | B42: 2026/12/16 | C42: 2 | D42: 72200 | E42: 0 | F42: 6 | G42: 2 | H42: 2 | I42: 2 | J42: 2 | K42: 4 | L42: 2 | M42: =F42*$B$5+G42*$B$6+H42*$B$7+I42*$B$8+J42*$B$9+K42*$B$10+L42*$B$11 | N42: =M42*設定!$B$5 | O42: =(D42-E42)*設定!$B$3-N42-((D42-E42)-N42)*設定!$B$4 | P42: =D42*設定!$B$3-N42-(D42-N42)*設定!$B$4 | Q42: =O42/C42 | R42: =P42/C42
... A102: S4-K-YS0270312A | B102: 2027/03/12 | C102: 8 | D102: 280000 | E102: 12800 | F102: 24 | G102: 8 | H102: 8 | I102: 8 | J102: 8 | K102: 16 | L102: 8 | M102: =F102*$B$5+G102*$B$6+H102*$B$7+I102*$B$8+J102*$B$9+K102*$B$10+L102*$B$11 | N102: =M102*設定!$B$5 | O102: =(D102-E102)*設定!$B$3-N102-((D102-E102)-N102)*設定!$B$4 | P102: =D102*設定!$B$3-N102-(D102-N102)*設定!$B$4 | Q102: =O102/C102 | R102: =P102/C102

Sheet 純課程
A1: 純課程(只扣刷卡手續費,無成本項目)
A3: 區域 | B3: 人數 | C3: 總收入 | D3: 租借收入(估) | E3: 版本一(扣租借×係數) | F3: 版本二(×係數) | G3: 每人 版本一 | H3: 每人 版本二
A4: 湯澤 | B4: =SUMIF($B$12:$B$155,$A4,D$12:D$155) | C4: =SUMIF($B$12:$B$155,$A4,E$12:E$155) | D4: =SUMIF($B$12:$B$155,$A4,F$12:F$155) | E4: =(C4-D4)*設定!$B$3 | F4: =C4*設定!$B$3 | G4: =IF(B4=0,0,E4/B4) | H4: =IF(B4=0,0,F4/B4)
A5: 野澤 | B5: =SUMIF($B$12:$B$155,$A5,D$12:D$155) | C5: =SUMIF($B$12:$B$155,$A5,E$12:E$155) | D5: =SUMIF($B$12:$B$155,$A5,F$12:F$155) | E5: =(C5-D5)*設定!$B$3 | F5: =C5*設定!$B$3 | G5: =IF(B5=0,0,E5/B5) | H5: =IF(B5=0,0,F5/B5)
A6: 斑尾 | B6: =SUMIF($B$12:$B$155,$A6,D$12:D$155) | C6: =SUMIF($B$12:$B$155,$A6,E$12:E$155) | D6: =SUMIF($B$12:$B$155,$A6,F$12:F$155) | E6: =(C6-D6)*設定!$B$3 | F6: =C6*設定!$B$3 | G6: =IF(B6=0,0,E6/B6) | H6: =IF(B6=0,0,F6/B6)
A7: 合計 | B7: =SUM(B4:B6) | C7: =SUM(C4:C6) | D7: =SUM(D4:D6) | E7: =SUM(E4:E6) | F7: =SUM(F4:F6) | G7: =IF(B7=0,0,E7/B7) | H7: =IF(B7=0,0,F7/B7)
A10: 團別明細
A11: 團號 | B11: 區域 | C11: 出發日 | D11: 人數 | E11: 總收入 | F11: 租借收入(估) | G11: 版本一 | H11: 版本二
A12: S4-ZB261220A | B12: 斑尾 | C12: 2026/12/20 | D12: 8 | E12: 68000 | F12: 0 | G12: =(E12-F12)*設定!$B$3 | H12: =E12*設定!$B$3
A13: S4-ZB261227A | B13: 斑尾 | C13: 2026/12/27 | D13: 6 | E13: 92000 | F13: 0 | G13: =(E13-F13)*設定!$B$3 | H13: =E13*設定!$B$3
A14: S4-ZB261230A | B14: 斑尾 | C14: 2026/12/30 | D14: 1 | E14: 34600 | F14: 2000 | G14: =(E14-F14)*設定!$B$3 | H14: =E14*設定!$B$3
A15: S4-ZB261231A | B15: 斑尾 | C15: 2026/12/31 | D15: 10 | E15: 232125 | F15: 22400 | G15: =(E15-F15)*設定!$B$3 | H15: =E15*設定!$B$3
A16: S4-ZB270103A | B16: 斑尾 | C16: 2027/01/03 | D16: 4 | E16: 34000 | F16: 0 | G16: =(E16-F16)*設定!$B$3 | H16: =E16*設定!$B$3
A17: S4-ZB270106A | B17: 斑尾 | C17: 2027/01/06 | D17: 6 | E17: 32000 | F17: 0 | G17: =(E17-F17)*設定!$B$3 | H17: =E17*設定!$B$3
A18: S4-ZB270107A | B18: 斑尾 | C18: 2027/01/07 | D18: 9 | E18: 81800 | F18: 4400 | G18: =(E18-F18)*設定!$B$3 | H18: =E18*設定!$B$3
A19: S4-ZB270107B | B19: 斑尾 | C19: 2027/01/07 | D19: 6 | E19: 58001 | F19: 0 | G19: =(E19-F19)*設定!$B$3 | H19: =E19*設定!$B$3
A20: S4-ZB270110A | B20: 斑尾 | C20: 2027/01/10 | D20: 7 | E20: 69300 | F20: 6800 | G20: =(E20-F20)*設定!$B$3 | H20: =E20*設定!$B$3
A21: S4-ZB270111A | B21: 斑尾 | C21: 2027/01/11 | D21: 2 | E21: 30000 | F21: 0 | G21: =(E21-F21)*設定!$B$3 | H21: =E21*設定!$B$3
A22: S4-ZB270112A | B22: 斑尾 | C22: 2027/01/12 | D22: 11 | E22: 100600 | F22: 0 | G22: =(E22-F22)*設定!$B$3 | H22: =E22*設定!$B$3
A23: S4-ZB270113A | B23: 斑尾 | C23: 2027/01/13 | D23: 5 | E23: 73400 | F23: 4000 | G23: =(E23-F23)*設定!$B$3 | H23: =E23*設定!$B$3
... A155: S4-ZY270316A | B155: 湯澤 | C155: 2027/03/16 | D155: 2 | E155: 26000 | F155: 0 | G155: =(E155-F155)*設定!$B$3 | H155: =E155*設定!$B$3

Sheet 例外
A1: 無法辨識或客製團(NC、DBC-NC 等),保留原始資料,不計算
A3: 團號 | B3: 出發日期 | C3: 報名日期 | D3: 訂單編號 | E3: 旅客編號 | F3: 中文姓名 | G3: LEVEL | H3: 滑雪類別 | I3: 團費
A4: S4-J-NC261221A | B4: 2026/12/21 | C4: 2026/05/01 | D4: 00005397 | E4: 0002016 | F4: 洪靖雯 | G4: Level4 | H4: 單板 | I4: 63900
A5: S4-J-NC261221A | B5: 2026/12/21 | C5: 2026/05/01 | D5: 00005397 | E5: 0009086 | F5: 楊品萱 | G5: Level3 | H5: 單板 | I5: 67900
A6: S4-J-NC261221A | B6: 2026/12/21 | C6: 2026/05/01 | D6: 00005397 | E6: 0002021 | F6: 郭懷恩 | G6: Level4 | H6: 單板 | I6: 63900
A7: S4-J-NC261221A | B7: 2026/12/21 | C7: 2026/05/01 | D7: 00005397 | E7: 0010963 | F7: 陳于書 | G7: Level2 | H7: 單板 | I7: 69900
A8: DBC-NC270104A | B8: 2027/01/04 | C8: 2026/10/08 | D8: 00006472 | F8: 旅客1 | I8: 60900
A9: DBC-NC270104A | B9: 2027/01/04 | C9: 2026/10/08 | D9: 00006472 | F9: 旅客2 | I9: 60900
A10: DBC-NC270104A | B10: 2027/01/04 | C10: 2026/10/08 | D10: 00006472 | F10: 旅客3 | I10: 60900
A11: DBC-NC270104A | B11: 2027/01/04 | C11: 2026/10/08 | D11: 00006472 | F11: 旅客4 | I11: 60900
A12: DBC-NC270104A | B12: 2027/01/04 | C12: 2026/10/08 | D12: 00006472 | F12: 旅客5 | I12: 60900
A13: DBC-NC270104A | B13: 2027/01/04 | C13: 2026/10/08 | D13: 00006472 | F13: 旅客6 | I13: 60900
A14: DBC-NC270104A | B14: 2027/01/04 | C14: 2026/10/08 | D14: 00006472 | F14: 旅客7 | I14: 38000
A15: S4-J-NC270123A | B15: 2027/01/23 | C15: 2026/09/03 | D15: 00006149 | F15: 旅客1 | I15: 15600
A16: S4-J-NC270123A | B16: 2027/01/23 | C16: 2026/09/03 | D16: 00006149 | F16: 旅客2 | I16: 15600
A17: S4-J-NC270123A | B17: 2027/01/23 | C17: 2026/09/03 | D17: 00006149 | F17: 旅客3 | I17: 15600
A18: S4-J-NC270123A | B18: 2027/01/23 | C18: 2026/09/03 | D18: 00006149 | F18: 旅客4 | I18: 15600
A19: S4-J-NC270123A | B19: 2027/01/23 | C19: 2026/09/03 | D19: 00006149 | F19: 旅客5 | I19: 15600
... A45: S4-J-NC270209A | B45: 2027/02/09 | C45: 2026/07/01 | D45: 00005779 | F45: 9 | I45: 25000
